year;month;day;hour;day_week;date_id
2022;1;3;7;2;1
2022;1;3;8;2;2
2022;1;3;10;2;3
2022;1;3;13;2;4
2022;1;3;14;2;5
2022;1;4;6;3;6
2022;1;4;7;3;7
2022;1;4;8;3;8
2022;1;4;10;3;9
2022;1;4;11;3;10
2022;1;4;12;3;11
2022;1;4;13;3;12
2022;1;4;14;3;13
2022;1;4;15;3;14
2022;1;4;16;3;15
2022;1;5;0;4;16
2022;1;5;2;4;17
2022;1;5;7;4;18
2022;1;5;8;4;19
2022;1;5;9;4;20
2022;1;5;10;4;21
2022;1;5;12;4;22
2022;1;5;13;4;23
2022;1;5;14;4;24
2022;1;5;15;4;25
2022;1;5;16;4;26
2022;1;5;17;4;27
2022;1;5;20;4;28
2022;1;6;3;5;29
2022;1;6;7;5;30
2022;1;6;12;5;31
2022;1;6;16;5;32
2022;1;6;21;5;33
2022;1;7;5;6;34
2022;1;7;9;6;35
2022;1;7;11;6;36
2022;1;7;12;6;37
2022;1;7;13;6;38
2022;1;7;14;6;39
2022;1;7;15;6;40
2022;1;7;16;6;41
2022;1;7;17;6;42
2022;1;8;8;7;43
2022;1;10;7;2;44
2022;1;10;9;2;45
2022;1;10;11;2;46
2022;1;10;12;2;47
2022;1;10;13;2;48
2022;1;10;14;2;49
2022;1;10;15;2;50
2022;1;10;16;2;51
2022;1;10;20;2;52
2022;1;11;6;3;53
2022;1;11;7;3;54
2022;1;11;8;3;55
2022;1;11;9;3;56
2022;1;11;10;3;57
2022;1;11;11;3;58
2022;1;11;12;3;59
2022;1;11;13;3;60
2022;1;11;14;3;61
2022;1;11;15;3;62
2022;1;11;16;3;63
2022;1;11;18;3;64
2022;1;11;19;3;65
2022;1;12;5;4;66
2022;1;12;7;4;67
2022;1;12;8;4;68
2022;1;12;9;4;69
2022;1;12;10;4;70
2022;1;12;13;4;71
2022;1;12;14;4;72
2022;1;12;15;4;73
2022;1;12;16;4;74
2022;1;12;17;4;75
2022;1;13;7;5;76
2022;1;13;8;5;77
2022;1;13;9;5;78
2022;1;13;12;5;79
2022;1;13;13;5;80
2022;1;13;14;5;81
2022;1;13;15;5;82
2022;1;13;16;5;83
2022;1;13;17;5;84
2022;1;13;18;5;85
2022;1;13;22;5;86
2022;1;13;23;5;87
2022;1;14;6;6;88
2022;1;14;7;6;89
2022;1;14;8;6;90
2022;1;14;9;6;91
2022;1;14;10;6;92
2022;1;14;11;6;93
2022;1;14;12;6;94
2022;1;14;13;6;95
2022;1;14;14;6;96
2022;1;14;15;6;97
2022;1;14;16;6;98
2022;1;14;22;6;99
2022;1;16;13;1;100
2022;1;17;4;2;101
2022;1;17;6;2;102
2022;1;17;7;2;103
2022;1;17;8;2;104
2022;1;17;9;2;105
2022;1;17;13;2;106
2022;1;17;14;2;107
2022;1;17;15;2;108
2022;1;17;16;2;109
2022;1;17;19;2;110
2022;1;17;20;2;111
2022;1;17;21;2;112
2022;1;18;8;3;113
2022;1;18;10;3;114
2022;1;18;13;3;115
2022;1;18;14;3;116
2022;1;18;15;3;117
2022;1;18;16;3;118
2022;1;18;21;3;119
2022;1;19;6;4;120
2022;1;19;7;4;121
2022;1;19;8;4;122
2022;1;19;9;4;123
2022;1;19;11;4;124
2022;1;19;12;4;125
2022;1;19;13;4;126
2022;1;19;14;4;127
2022;1;19;15;4;128
2022;1;19;16;4;129
2022;1;19;20;4;130
2022;1;19;21;4;131
2022;1;20;0;5;132
2022;1;20;1;5;133
2022;1;20;2;5;134
2022;1;20;6;5;135
2022;1;20;9;5;136
2022;1;20;10;5;137
2022;1;20;11;5;138
2022;1;20;12;5;139
2022;1;20;13;5;140
2022;1;20;15;5;141
2022;1;20;16;5;142
2022;1;20;17;5;143
2022;1;20;18;5;144
2022;1;20;19;5;145
2022;1;20;20;5;146
2022;1;21;8;6;147
2022;1;21;9;6;148
2022;1;21;10;6;149
2022;1;21;11;6;150
2022;1;21;12;6;151
2022;1;21;13;6;152
2022;1;21;14;6;153
2022;1;21;16;6;154
2022;1;21;17;6;155
2022;1;22;18;7;156
2022;1;23;17;1;157
2022;1;23;20;1;158
2022;1;24;1;2;159
2022;1;24;3;2;160
2022;1;24;9;2;161
2022;1;24;10;2;162
2022;1;24;11;2;163
2022;1;24;12;2;164
2022;1;24;13;2;165
2022;1;24;14;2;166
2022;1;24;15;2;167
2022;1;24;16;2;168
2022;1;24;20;2;169
2022;1;25;0;3;170
2022;1;25;1;3;171
2022;1;25;2;3;172
2022;1;25;7;3;173
2022;1;25;8;3;174
2022;1;25;11;3;175
2022;1;25;13;3;176
2022;1;25;14;3;177
2022;1;26;4;4;178
2022;1;26;6;4;179
2022;1;26;8;4;180
2022;1;26;9;4;181
2022;1;26;10;4;182
2022;1;26;11;4;183
2022;1;26;12;4;184
2022;1;26;13;4;185
2022;1;26;15;4;186
2022;1;26;17;4;187
2022;1;26;23;4;188
2022;1;27;4;5;189
2022;1;27;5;5;190
2022;1;27;6;5;191
2022;1;27;9;5;192
2022;1;27;12;5;193
2022;1;27;13;5;194
2022;1;27;15;5;195
2022;1;27;16;5;196
2022;1;27;20;5;197
2022;1;27;21;5;198
2022;1;28;2;6;199
2022;1;28;7;6;200
2022;1;28;8;6;201
2022;1;28;9;6;202
2022;1;28;12;6;203
2022;1;28;15;6;204
2022;1;28;17;6;205
2022;1;29;0;7;206
2022;1;30;10;1;207
2022;1;31;8;2;208
2022;1;31;9;2;209
2022;1;31;10;2;210
2022;1;31;11;2;211
2022;1;31;12;2;212
2022;1;31;13;2;213
2022;1;31;14;2;214
2022;1;31;15;2;215
2022;1;31;20;2;216
2022;2;1;8;3;217
2022;2;1;9;3;218
2022;2;1;10;3;219
2022;2;1;11;3;220
2022;2;1;12;3;221
2022;2;1;13;3;222
2022;2;1;14;3;223
2022;2;1;16;3;224
2022;2;1;18;3;225
2022;2;1;19;3;226
2022;2;1;21;3;227
2022;2;2;0;4;228
2022;2;2;7;4;229
2022;2;2;8;4;230
2022;2;2;9;4;231
2022;2;2;10;4;232
2022;2;2;11;4;233
2022;2;2;14;4;234
2022;2;2;15;4;235
2022;2;2;16;4;236
2022;2;2;19;4;237
2022;2;2;21;4;238
2022;2;3;0;5;239
2022;2;3;6;5;240
2022;2;3;7;5;241
2022;2;3;8;5;242
2022;2;3;9;5;243
2022;2;3;10;5;244
2022;2;3;11;5;245
2022;2;3;12;5;246
2022;2;3;13;5;247
2022;2;3;14;5;248
2022;2;3;15;5;249
2022;2;3;16;5;250
2022;2;3;17;5;251
2022;2;3;18;5;252
2022;2;3;19;5;253
2022;2;3;20;5;254
2022;2;4;6;6;255
2022;2;4;7;6;256
2022;2;4;8;6;257
2022;2;4;9;6;258
2022;2;4;10;6;259
2022;2;4;12;6;260
2022;2;4;13;6;261
2022;2;4;14;6;262
2022;2;4;15;6;263
2022;2;4;16;6;264
2022;2;4;18;6;265
2022;2;6;3;1;266
2022;2;7;4;2;267
2022;2;7;6;2;268
2022;2;7;7;2;269
2022;2;7;8;2;270
2022;2;7;9;2;271
2022;2;7;10;2;272
2022;2;7;11;2;273
2022;2;7;13;2;274
2022;2;7;14;2;275
2022;2;7;16;2;276
2022;2;8;6;3;277
2022;2;8;7;3;278
2022;2;8;8;3;279
2022;2;8;9;3;280
2022;2;8;10;3;281
2022;2;8;11;3;282
2022;2;8;13;3;283
2022;2;8;14;3;284
2022;2;8;15;3;285
2022;2;8;16;3;286
2022;2;8;23;3;287
2022;2;9;6;4;288
2022;2;9;7;4;289
2022;2;9;8;4;290
2022;2;9;9;4;291
2022;2;9;10;4;292
2022;2;9;12;4;293
2022;2;9;13;4;294
2022;2;9;14;4;295
2022;2;9;17;4;296
2022;2;9;19;4;297
2022;2;9;20;4;298
2022;2;10;1;5;299
2022;2;10;4;5;300
2022;2;10;5;5;301
2022;2;10;6;5;302
2022;2;10;7;5;303
2022;2;10;8;5;304
2022;2;10;9;5;305
2022;2;10;10;5;306
2022;2;10;13;5;307
2022;2;10;14;5;308
2022;2;10;16;5;309
2022;2;10;19;5;310
2022;2;10;20;5;311
2022;2;11;0;6;312
2022;2;11;4;6;313
2022;2;11;5;6;314
2022;2;11;7;6;315
2022;2;11;8;6;316
2022;2;11;9;6;317
2022;2;11;10;6;318
2022;2;11;12;6;319
2022;2;11;13;6;320
2022;2;11;14;6;321
2022;2;11;17;6;322
2022;2;12;9;7;323
2022;2;14;0;2;324
2022;2;14;2;2;325
2022;2;14;8;2;326
2022;2;14;9;2;327
2022;2;14;10;2;328
2022;2;14;11;2;329
2022;2;14;12;2;330
2022;2;14;13;2;331
2022;2;14;14;2;332
2022;2;14;16;2;333
2022;2;14;22;2;334
2022;2;15;1;3;335
2022;2;15;3;3;336
2022;2;15;5;3;337
2022;2;15;6;3;338
2022;2;15;7;3;339
2022;2;15;8;3;340
2022;2;15;9;3;341
2022;2;15;10;3;342
2022;2;15;11;3;343
2022;2;15;12;3;344
2022;2;15;13;3;345
2022;2;15;14;3;346
2022;2;15;16;3;347
2022;2;15;17;3;348
2022;2;15;21;3;349
2022;2;16;2;4;350
2022;2;16;3;4;351
2022;2;16;7;4;352
2022;2;16;9;4;353
2022;2;16;10;4;354
2022;2;16;11;4;355
2022;2;16;12;4;356
2022;2;16;13;4;357
2022;2;16;14;4;358
2022;2;16;15;4;359
2022;2;16;16;4;360
2022;2;16;17;4;361
2022;2;16;18;4;362
2022;2;17;5;5;363
2022;2;17;6;5;364
2022;2;17;7;5;365
2022;2;17;8;5;366
2022;2;17;9;5;367
2022;2;17;11;5;368
2022;2;17;13;5;369
2022;2;17;15;5;370
2022;2;17;16;5;371
2022;2;17;17;5;372
2022;2;18;9;6;373
2022;2;18;11;6;374
2022;2;18;12;6;375
2022;2;18;13;6;376
2022;2;18;14;6;377
2022;2;18;18;6;378
2022;2;18;19;6;379
2022;2;18;21;6;380
2022;2;18;22;6;381
2022;2;21;3;2;382
2022;2;21;6;2;383
2022;2;21;7;2;384
2022;2;21;8;2;385
2022;2;21;9;2;386
2022;2;21;10;2;387
2022;2;21;11;2;388
2022;2;21;12;2;389
2022;2;21;13;2;390
2022;2;21;14;2;391
2022;2;21;15;2;392
2022;2;21;16;2;393
2022;2;21;17;2;394
2022;2;22;6;3;395
2022;2;22;7;3;396
2022;2;22;8;3;397
2022;2;22;9;3;398
2022;2;22;10;3;399
2022;2;22;11;3;400
2022;2;22;12;3;401
2022;2;22;13;3;402
2022;2;22;14;3;403
2022;2;22;15;3;404
2022;2;22;16;3;405
2022;2;22;18;3;406
2022;2;23;6;4;407
2022;2;23;8;4;408
2022;2;23;9;4;409
2022;2;23;10;4;410
2022;2;23;11;4;411
2022;2;23;12;4;412
2022;2;23;13;4;413
2022;2;23;14;4;414
2022;2;23;15;4;415
2022;2;23;16;4;416
2022;2;23;18;4;417
2022;2;23;20;4;418
2022;2;24;2;5;419
2022;2;24;8;5;420
2022;2;24;9;5;421
2022;2;24;10;5;422
2022;2;24;12;5;423
2022;2;24;14;5;424
2022;2;24;15;5;425
2022;2;24;16;5;426
2022;2;25;5;6;427
2022;2;25;10;6;428
2022;2;25;11;6;429
2022;2;25;12;6;430
2022;2;25;15;6;431
2022;2;27;16;1;432
2022;2;27;22;1;433
2022;2;28;0;2;434
2022;2;28;6;2;435
2022;2;28;10;2;436
2022;2;28;11;2;437
2022;2;28;12;2;438
2022;2;28;13;2;439
2022;2;28;14;2;440
2022;2;28;15;2;441
2022;2;28;16;2;442
2022;3;1;7;3;443
2022;3;1;8;3;444
2022;3;1;9;3;445
2022;3;1;10;3;446
2022;3;1;11;3;447
2022;3;1;13;3;448
2022;3;1;14;3;449
2022;3;1;15;3;450
2022;3;1;16;3;451
2022;3;1;17;3;452
2022;3;1;19;3;453
2022;3;1;21;3;454
2022;3;2;1;4;455
2022;3;2;7;4;456
2022;3;2;8;4;457
2022;3;2;9;4;458
2022;3;2;10;4;459
2022;3;2;13;4;460
2022;3;2;14;4;461
2022;3;2;17;4;462
2022;3;2;19;4;463
2022;3;2;20;4;464
2022;3;3;0;5;465
2022;3;3;5;5;466
2022;3;3;6;5;467
2022;3;3;8;5;468
2022;3;3;9;5;469
2022;3;3;10;5;470
2022;3;3;12;5;471
2022;3;3;13;5;472
2022;3;3;14;5;473
2022;3;3;15;5;474
2022;3;3;16;5;475
2022;3;4;4;6;476
2022;3;4;8;6;477
2022;3;4;9;6;478
2022;3;4;11;6;479
2022;3;4;13;6;480
2022;3;4;14;6;481
2022;3;4;15;6;482
2022;3;4;16;6;483
2022;3;4;17;6;484
2022;3;6;13;1;485
2022;3;7;5;2;486
2022;3;7;6;2;487
2022;3;7;8;2;488
2022;3;7;9;2;489
2022;3;7;13;2;490
2022;3;7;14;2;491
2022;3;7;15;2;492
2022;3;7;18;2;493
2022;3;7;19;2;494
2022;3;7;21;2;495
2022;3;8;7;3;496
2022;3;8;8;3;497
2022;3;8;9;3;498
2022;3;8;11;3;499
2022;3;8;12;3;500
2022;3;8;17;3;501
2022;3;9;1;4;502
2022;3;9;2;4;503
2022;3;9;7;4;504
2022;3;9;8;4;505
2022;3;9;9;4;506
2022;3;9;10;4;507
2022;3;9;12;4;508
2022;3;9;13;4;509
2022;3;9;14;4;510
2022;3;9;15;4;511
2022;3;9;16;4;512
2022;3;9;21;4;513
2022;3;10;1;5;514
2022;3;10;2;5;515
2022;3;10;3;5;516
2022;3;10;4;5;517
2022;3;10;7;5;518
2022;3;10;8;5;519
2022;3;10;9;5;520
2022;3;10;10;5;521
2022;3;10;12;5;522
2022;3;10;13;5;523
2022;3;10;14;5;524
2022;3;10;15;5;525
2022;3;10;16;5;526
2022;3;10;21;5;527
2022;3;10;22;5;528
2022;3;11;0;6;529
2022;3;11;7;6;530
2022;3;11;8;6;531
2022;3;11;9;6;532
2022;3;11;10;6;533
2022;3;11;11;6;534
2022;3;11;16;6;535
2022;3;12;1;7;536
2022;3;12;3;7;537
2022;3;12;4;7;538
2022;3;12;6;7;539
2022;3;12;7;7;540
2022;3;13;10;1;541
2022;3;13;18;1;542
2022;3;14;7;2;543
2022;3;14;8;2;544
2022;3;14;9;2;545
2022;3;14;10;2;546
2022;3;14;11;2;547
2022;3;14;12;2;548
2022;3;14;13;2;549
2022;3;14;14;2;550
2022;3;14;16;2;551
2022;3;14;20;2;552
2022;3;15;4;3;553
2022;3;15;6;3;554
2022;3;15;7;3;555
2022;3;15;8;3;556
2022;3;15;9;3;557
2022;3;15;10;3;558
2022;3;15;12;3;559
2022;3;15;13;3;560
2022;3;15;14;3;561
2022;3;15;15;3;562
2022;3;15;16;3;563
2022;3;15;17;3;564
2022;3;15;20;3;565
2022;3;15;23;3;566
2022;3;16;1;4;567
2022;3;16;2;4;568
2022;3;16;3;4;569
2022;3;16;7;4;570
2022;3;16;8;4;571
2022;3;16;9;4;572
2022;3;16;10;4;573
2022;3;16;12;4;574
2022;3;16;13;4;575
2022;3;16;14;4;576
2022;3;16;15;4;577
2022;3;16;16;4;578
2022;3;16;20;4;579
2022;3;17;2;5;580
2022;3;17;6;5;581
2022;3;17;7;5;582
2022;3;17;8;5;583
2022;3;17;9;5;584
2022;3;17;10;5;585
2022;3;17;11;5;586
2022;3;17;12;5;587
2022;3;17;13;5;588
2022;3;17;14;5;589
2022;3;17;15;5;590
2022;3;17;16;5;591
2022;3;17;21;5;592
2022;3;18;4;6;593
2022;3;18;6;6;594
2022;3;18;8;6;595
2022;3;18;9;6;596
2022;3;18;10;6;597
2022;3;18;11;6;598
2022;3;18;12;6;599
2022;3;18;14;6;600
2022;3;18;15;6;601
2022;3;20;19;1;602
2022;3;21;5;2;603
2022;3;21;7;2;604
2022;3;21;9;2;605
2022;3;21;10;2;606
2022;3;21;11;2;607
2022;3;21;14;2;608
2022;3;21;15;2;609
2022;3;21;16;2;610
2022;3;21;20;2;611
2022;3;22;0;3;612
2022;3;22;2;3;613
2022;3;22;9;3;614
2022;3;22;10;3;615
2022;3;22;11;3;616
2022;3;22;12;3;617
2022;3;22;13;3;618
2022;3;22;14;3;619
2022;3;22;15;3;620
2022;3;22;17;3;621
2022;3;22;19;3;622
2022;3;22;20;3;623
2022;3;23;6;4;624
2022;3;23;7;4;625
2022;3;23;8;4;626
2022;3;23;9;4;627
2022;3;23;10;4;628
2022;3;23;13;4;629
2022;3;23;14;4;630
2022;3;23;15;4;631
2022;3;23;16;4;632
2022;3;23;17;4;633
2022;3;23;22;4;634
2022;3;24;0;5;635
2022;3;24;6;5;636
2022;3;24;7;5;637
2022;3;24;8;5;638
2022;3;24;9;5;639
2022;3;24;10;5;640
2022;3;24;13;5;641
2022;3;24;14;5;642
2022;3;24;15;5;643
2022;3;24;20;5;644
2022;3;25;6;6;645
2022;3;25;8;6;646
2022;3;25;9;6;647
2022;3;25;10;6;648
2022;3;25;11;6;649
2022;3;25;13;6;650
2022;3;25;14;6;651
2022;3;25;15;6;652
2022;3;25;16;6;653
2022;3;26;7;7;654
2022;3;26;8;7;655
2022;3;26;13;7;656
2022;3;28;0;2;657
2022;3;28;4;2;658
2022;3;28;5;2;659
2022;3;28;6;2;660
2022;3;28;9;2;661
2022;3;28;11;2;662
2022;3;28;14;2;663
2022;3;28;17;2;664
2022;3;29;7;3;665
2022;3;29;8;3;666
2022;3;29;10;3;667
2022;3;29;12;3;668
2022;3;29;13;3;669
2022;3;29;14;3;670
2022;3;29;15;3;671
2022;3;29;16;3;672
2022;3;29;18;3;673
2022;3;29;19;3;674
2022;3;30;5;4;675
2022;3;30;7;4;676
2022;3;30;8;4;677
2022;3;30;9;4;678
2022;3;30;10;4;679
2022;3;30;11;4;680
2022;3;30;12;4;681
2022;3;30;13;4;682
2022;3;30;14;4;683
2022;3;30;15;4;684
2022;3;30;16;4;685
2022;3;30;17;4;686
2022;3;30;18;4;687
2022;3;31;2;5;688
2022;3;31;6;5;689
2022;3;31;7;5;690
2022;3;31;8;5;691
2022;3;31;9;5;692
2022;3;31;10;5;693
2022;3;31;11;5;694
2022;3;31;13;5;695
2022;3;31;14;5;696
2022;3;31;15;5;697
2022;3;31;16;5;698
2022;4;1;1;6;699
2022;4;1;2;6;700
2022;4;1;3;6;701
2022;4;1;4;6;702
2022;4;1;5;6;703
2022;4;1;6;6;704
2022;4;1;7;6;705
2022;4;1;8;6;706
2022;4;1;9;6;707
2022;4;1;10;6;708
2022;4;1;11;6;709
2022;4;1;12;6;710
2022;4;1;13;6;711
2022;4;1;14;6;712
2022;4;1;15;6;713
2022;4;1;19;6;714
2022;4;2;6;7;715
2022;4;2;13;7;716
2022;4;3;15;1;717
2022;4;4;3;2;718
2022;4;4;5;2;719
2022;4;4;6;2;720
2022;4;4;7;2;721
2022;4;4;8;2;722
2022;4;4;9;2;723
2022;4;4;10;2;724
2022;4;4;11;2;725
2022;4;4;12;2;726
2022;4;4;13;2;727
2022;4;4;14;2;728
2022;4;4;15;2;729
2022;4;4;16;2;730
2022;4;4;20;2;731
2022;4;5;2;3;732
2022;4;5;7;3;733
2022;4;5;8;3;734
2022;4;5;9;3;735
2022;4;5;10;3;736
2022;4;5;11;3;737
2022;4;5;12;3;738
2022;4;5;13;3;739
2022;4;5;14;3;740
2022;4;5;15;3;741
2022;4;5;16;3;742
2022;4;5;18;3;743
2022;4;6;0;4;744
2022;4;6;1;4;745
2022;4;6;3;4;746
2022;4;6;4;4;747
2022;4;6;5;4;748
2022;4;6;6;4;749
2022;4;6;7;4;750
2022;4;6;8;4;751
2022;4;6;9;4;752
2022;4;6;10;4;753
2022;4;6;11;4;754
2022;4;6;12;4;755
2022;4;6;13;4;756
2022;4;6;14;4;757
2022;4;6;15;4;758
2022;4;6;16;4;759
2022;4;6;18;4;760
2022;4;6;19;4;761
2022;4;6;23;4;762
2022;4;7;0;5;763
2022;4;7;1;5;764
2022;4;7;2;5;765
2022;4;7;3;5;766
2022;4;7;4;5;767
2022;4;7;5;5;768
2022;4;7;6;5;769
2022;4;7;7;5;770
2022;4;7;8;5;771
2022;4;7;9;5;772
2022;4;7;10;5;773
2022;4;7;11;5;774
2022;4;7;12;5;775
2022;4;7;13;5;776
2022;4;7;14;5;777
2022;4;7;15;5;778
2022;4;7;16;5;779
2022;4;7;17;5;780
2022;4;7;18;5;781
2022;4;7;21;5;782
2022;4;8;0;6;783
2022;4;8;1;6;784
2022;4;8;2;6;785
2022;4;8;3;6;786
2022;4;8;5;6;787
2022;4;8;6;6;788
2022;4;8;7;6;789
2022;4;8;8;6;790
2022;4;8;9;6;791
2022;4;8;10;6;792
2022;4;8;11;6;793
2022;4;8;12;6;794
2022;4;8;14;6;795
2022;4;8;15;6;796
2022;4;8;16;6;797
2022;4;8;17;6;798
2022;4;8;18;6;799
2022;4;8;19;6;800
2022;4;9;5;7;801
2022;4;9;12;7;802
2022;4;10;19;1;803
2022;4;11;3;2;804
2022;4;11;4;2;805
2022;4;11;6;2;806
2022;4;11;7;2;807
2022;4;11;8;2;808
2022;4;11;9;2;809
2022;4;11;10;2;810
2022;4;11;11;2;811
2022;4;11;12;2;812
2022;4;11;13;2;813
2022;4;11;14;2;814
2022;4;11;15;2;815
2022;4;11;16;2;816
2022;4;11;20;2;817
2022;4;11;21;2;818
2022;4;12;5;3;819
2022;4;12;6;3;820
2022;4;12;7;3;821
2022;4;12;8;3;822
2022;4;12;9;3;823
2022;4;12;10;3;824
2022;4;12;11;3;825
2022;4;12;12;3;826
2022;4;12;13;3;827
2022;4;12;14;3;828
2022;4;12;15;3;829
2022;4;12;16;3;830
2022;4;12;18;3;831
2022;4;12;19;3;832
2022;4;12;20;3;833
2022;4;12;21;3;834
2022;4;13;1;4;835
2022;4;13;3;4;836
2022;4;13;4;4;837
2022;4;13;5;4;838
2022;4;13;6;4;839
2022;4;13;7;4;840
2022;4;13;8;4;841
2022;4;13;9;4;842
2022;4;13;10;4;843
2022;4;13;11;4;844
2022;4;13;12;4;845
2022;4;13;13;4;846
2022;4;13;14;4;847
2022;4;13;15;4;848
2022;4;13;16;4;849
2022;4;13;17;4;850
2022;4;13;18;4;851
2022;4;13;19;4;852
2022;4;14;5;5;853
2022;4;14;6;5;854
2022;4;14;7;5;855
2022;4;14;8;5;856
2022;4;14;9;5;857
2022;4;14;10;5;858
2022;4;14;11;5;859
2022;4;14;12;5;860
2022;4;14;13;5;861
2022;4;14;14;5;862
2022;4;14;17;5;863
2022;4;14;18;5;864
2022;4;14;19;5;865
2022;4;14;23;5;866
2022;4;15;1;6;867
2022;4;15;6;6;868
2022;4;15;8;6;869
2022;4;15;10;6;870
2022;4;15;12;6;871
2022;4;15;13;6;872
2022;4;15;15;6;873
2022;4;17;16;1;874
2022;4;18;0;2;875
2022;4;18;1;2;876
2022;4;18;4;2;877
2022;4;18;5;2;878
2022;4;18;6;2;879
2022;4;18;7;2;880
2022;4;18;8;2;881
2022;4;18;9;2;882
2022;4;18;11;2;883
2022;4;18;15;2;884
2022;4;18;18;2;885
2022;4;18;23;2;886
2022;4;19;3;3;887
2022;4;19;5;3;888
2022;4;19;7;3;889
2022;4;19;8;3;890
2022;4;19;9;3;891
2022;4;19;10;3;892
2022;4;19;11;3;893
2022;4;19;12;3;894
2022;4;19;14;3;895
2022;4;19;15;3;896
2022;4;19;16;3;897
2022;4;20;1;4;898
2022;4;20;2;4;899
2022;4;20;3;4;900
2022;4;20;6;4;901
2022;4;20;7;4;902
2022;4;20;8;4;903
2022;4;20;9;4;904
2022;4;20;10;4;905
2022;4;20;11;4;906
2022;4;20;12;4;907
2022;4;20;13;4;908
2022;4;20;14;4;909
2022;4;20;15;4;910
2022;4;20;16;4;911
2022;4;20;18;4;912
2022;4;20;20;4;913
2022;4;21;0;5;914
2022;4;21;1;5;915
2022;4;21;3;5;916
2022;4;21;4;5;917
2022;4;21;5;5;918
2022;4;21;6;5;919
2022;4;21;7;5;920
2022;4;21;8;5;921
2022;4;21;9;5;922
2022;4;21;10;5;923
2022;4;21;11;5;924
2022;4;21;12;5;925
2022;4;21;13;5;926
2022;4;21;14;5;927
2022;4;21;15;5;928
2022;4;21;23;5;929
2022;4;22;0;6;930
2022;4;22;1;6;931
2022;4;22;2;6;932
2022;4;22;4;6;933
2022;4;22;6;6;934
2022;4;22;7;6;935
2022;4;22;8;6;936
2022;4;22;9;6;937
2022;4;22;12;6;938
2022;4;22;15;6;939
2022;4;22;17;6;940
2022;4;22;18;6;941
2022;4;22;19;6;942
2022;4;22;20;6;943
2022;4;23;0;7;944
2022;4;23;1;7;945
2022;4;23;2;7;946
2022;4;23;3;7;947
2022;4;23;5;7;948
2022;4;23;10;7;949
2022;4;23;14;7;950
2022;4;23;21;7;951
2022;4;24;2;1;952
2022;4;24;16;1;953
2022;4;24;21;1;954
2022;4;25;2;2;955
2022;4;25;4;2;956
2022;4;25;5;2;957
2022;4;25;7;2;958
2022;4;25;8;2;959
2022;4;25;9;2;960
2022;4;25;10;2;961
2022;4;25;11;2;962
2022;4;25;12;2;963
2022;4;25;13;2;964
2022;4;25;14;2;965
2022;4;25;15;2;966
2022;4;25;16;2;967
2022;4;26;2;3;968
2022;4;26;3;3;969
2022;4;26;6;3;970
2022;4;26;7;3;971
2022;4;26;8;3;972
2022;4;26;9;3;973
2022;4;26;10;3;974
2022;4;26;11;3;975
2022;4;26;12;3;976
2022;4;26;13;3;977
2022;5;9;9;2;978
2022;5;9;10;2;979
2022;5;9;11;2;980
2022;5;9;12;2;981
2022;5;9;13;2;982
2022;5;9;14;2;983
2022;5;9;15;2;984
2022;5;9;16;2;985
2022;5;9;17;2;986
2022;5;9;18;2;987
2022;5;9;22;2;988
2022;5;10;3;3;989
2022;5;10;6;3;990
2022;5;10;7;3;991
2022;5;10;8;3;992
2022;5;10;9;3;993
2022;5;10;10;3;994
2022;5;10;11;3;995
2022;5;10;12;3;996
2022;5;10;13;3;997
2022;5;10;14;3;998
2022;5;10;15;3;999
2022;5;10;16;3;1000
2022;5;10;19;3;1001
2022;5;10;22;3;1002
2022;5;10;23;3;1003
2022;5;11;2;4;1004
2022;5;11;3;4;1005
2022;5;11;5;4;1006
2022;5;11;6;4;1007
2022;5;11;7;4;1008
2022;5;11;8;4;1009
2022;5;11;9;4;1010
2022;5;11;10;4;1011
2022;5;11;11;4;1012
2022;5;11;12;4;1013
2022;5;11;13;4;1014
2022;5;11;14;4;1015
2022;5;11;15;4;1016
2022;5;11;16;4;1017
2022;5;11;17;4;1018
2022;5;11;18;4;1019
2022;5;11;19;4;1020
2022;5;11;23;4;1021
2022;5;12;0;5;1022
2022;5;12;1;5;1023
2022;5;12;4;5;1024
2022;5;12;7;5;1025
2022;5;12;8;5;1026
2022;5;12;9;5;1027
2022;5;12;10;5;1028
2022;5;12;11;5;1029
2022;5;12;12;5;1030
2022;5;12;13;5;1031
2022;5;12;14;5;1032
2022;5;12;15;5;1033
2022;5;12;16;5;1034
2022;5;12;20;5;1035
2022;5;13;1;6;1036
2022;5;13;2;6;1037
2022;5;13;6;6;1038
2022;5;13;7;6;1039
2022;5;13;8;6;1040
2022;5;13;9;6;1041
2022;5;13;10;6;1042
2022;5;13;11;6;1043
2022;5;13;12;6;1044
2022;5;13;13;6;1045
2022;5;13;14;6;1046
2022;5;13;15;6;1047
2022;5;14;1;7;1048
2022;5;14;2;7;1049
2022;5;14;6;7;1050
2022;5;14;8;7;1051
2022;5;14;9;7;1052
2022;5;14;21;7;1053
2022;5;15;19;1;1054
2022;5;15;22;1;1055
2022;5;16;0;2;1056
2022;5;16;1;2;1057
2022;5;16;2;2;1058
2022;5;16;3;2;1059
2022;5;16;5;2;1060
2022;5;16;6;2;1061
2022;5;16;7;2;1062
2022;5;16;8;2;1063
2022;5;16;9;2;1064
2022;5;16;10;2;1065
2022;5;16;12;2;1066
2022;5;16;13;2;1067
2022;5;16;14;2;1068
2022;5;16;15;2;1069
2022;5;16;21;2;1070
2022;5;17;0;3;1071
2022;5;17;1;3;1072
2022;5;17;2;3;1073
2022;5;17;7;3;1074
2022;5;17;8;3;1075
2022;5;17;9;3;1076
2022;5;17;10;3;1077
2022;5;17;11;3;1078
2022;5;17;12;3;1079
2022;5;17;13;3;1080
2022;5;17;14;3;1081
2022;5;17;15;3;1082
2022;5;17;16;3;1083
2022;5;17;17;3;1084
2022;5;17;18;3;1085
2022;5;17;20;3;1086
2022;5;17;21;3;1087
2022;5;18;3;4;1088
2022;5;18;6;4;1089
2022;5;18;7;4;1090
2022;5;18;8;4;1091
2022;5;18;9;4;1092
2022;5;18;10;4;1093
2022;5;18;11;4;1094
2022;5;18;12;4;1095
2022;5;18;13;4;1096
2022;5;18;14;4;1097
2022;5;18;15;4;1098
2022;5;18;16;4;1099
2022;5;18;19;4;1100
2022;5;18;20;4;1101
2022;5;19;6;5;1102
2022;5;19;7;5;1103
2022;5;19;8;5;1104
2022;5;19;9;5;1105
2022;5;19;10;5;1106
2022;5;19;11;5;1107
2022;5;19;12;5;1108
2022;5;19;13;5;1109
2022;5;19;14;5;1110
2022;5;19;15;5;1111
2022;5;19;16;5;1112
2022;5;19;17;5;1113
2022;5;20;4;6;1114
2022;5;20;5;6;1115
2022;5;20;6;6;1116
2022;5;20;7;6;1117
2022;5;20;8;6;1118
2022;5;20;9;6;1119
2022;5;20;10;6;1120
2022;5;20;11;6;1121
2022;5;20;12;6;1122
2022;5;20;13;6;1123
2022;5;20;14;6;1124
2022;5;20;15;6;1125
2022;5;20;16;6;1126
2022;5;20;17;6;1127
2022;5;20;19;6;1128
2022;5;20;21;6;1129
2022;5;20;22;6;1130
2022;5;21;0;7;1131
2022;5;21;13;7;1132
2022;5;23;1;2;1133
2022;5;23;5;2;1134
2022;5;23;6;2;1135
2022;5;23;7;2;1136
2022;5;23;8;2;1137
2022;5;23;9;2;1138
2022;5;23;10;2;1139
2022;5;23;11;2;1140
2022;5;23;12;2;1141
2022;5;23;13;2;1142
2022;5;23;14;2;1143
2022;5;23;15;2;1144
2022;5;23;16;2;1145
2022;5;23;21;2;1146
2022;5;23;22;2;1147
2022;5;24;6;3;1148
2022;5;24;7;3;1149
2022;5;24;8;3;1150
2022;5;24;9;3;1151
2022;5;24;10;3;1152
2022;5;24;11;3;1153
2022;5;24;12;3;1154
2022;5;24;13;3;1155
2022;5;24;14;3;1156
2022;5;24;15;3;1157
2022;5;24;16;3;1158
2022;5;24;19;3;1159
2022;5;25;0;4;1160
2022;5;25;3;4;1161
2022;5;25;4;4;1162
2022;5;25;5;4;1163
2022;5;25;6;4;1164
2022;5;25;7;4;1165
2022;5;25;8;4;1166
2022;5;25;9;4;1167
2022;5;25;10;4;1168
2022;5;25;11;4;1169
2022;5;25;12;4;1170
2022;5;25;13;4;1171
2022;5;25;14;4;1172
2022;5;25;15;4;1173
2022;5;25;16;4;1174
2022;5;25;17;4;1175
2022;5;25;19;4;1176
2022;5;25;20;4;1177
2022;5;26;0;5;1178
2022;5;26;3;5;1179
2022;5;26;5;5;1180
2022;5;26;6;5;1181
2022;5;26;7;5;1182
2022;5;26;8;5;1183
2022;5;26;9;5;1184
2022;5;26;10;5;1185
2022;5;26;11;5;1186
2022;5;26;13;5;1187
2022;5;26;14;5;1188
2022;5;26;15;5;1189
2022;5;26;18;5;1190
2022;5;26;23;5;1191
2022;5;27;2;6;1192
2022;5;27;3;6;1193
2022;5;27;5;6;1194
2022;5;27;6;6;1195
2022;5;27;7;6;1196
2022;5;27;8;6;1197
2022;5;27;9;6;1198
2022;5;27;10;6;1199
2022;5;27;12;6;1200
2022;5;27;13;6;1201
2022;5;27;14;6;1202
2022;5;27;15;6;1203
2022;5;27;17;6;1204
2022;5;28;0;7;1205
2022;5;28;8;7;1206
2022;5;28;12;7;1207
2022;5;28;13;7;1208
2022;5;29;5;1;1209
2022;5;29;6;1;1210
2022;5;29;16;1;1211
2022;5;29;22;1;1212
2022;5;30;2;2;1213
2022;5;30;4;2;1214
2022;5;30;5;2;1215
2022;5;30;6;2;1216
2022;5;30;7;2;1217
2022;5;30;8;2;1218
2022;5;30;9;2;1219
2022;5;30;10;2;1220
2022;5;30;11;2;1221
2022;5;30;12;2;1222
2022;5;30;13;2;1223
2022;5;30;15;2;1224
2022;5;30;16;2;1225
2022;5;30;17;2;1226
2022;5;30;18;2;1227
2022;5;30;20;2;1228
2022;5;31;1;3;1229
2022;5;31;3;3;1230
2022;5;31;4;3;1231
2022;5;31;5;3;1232
2022;5;31;6;3;1233
2022;5;31;7;3;1234
2022;5;31;8;3;1235
2022;5;31;9;3;1236
2022;5;31;10;3;1237
2022;5;31;11;3;1238
2022;5;31;12;3;1239
2022;5;31;13;3;1240
2022;5;31;14;3;1241
2022;5;31;15;3;1242
2022;5;31;16;3;1243
2022;5;31;17;3;1244
2022;5;31;19;3;1245
2022;5;31;20;3;1246
2022;5;31;21;3;1247
2022;5;31;23;3;1248
2022;6;1;0;4;1249
2022;6;1;1;4;1250
2022;6;1;3;4;1251
2022;6;1;5;4;1252
2022;6;1;6;4;1253
2022;6;1;7;4;1254
2022;6;1;8;4;1255
2022;6;1;9;4;1256
2022;6;1;10;4;1257
2022;6;1;11;4;1258
2022;6;1;12;4;1259
2022;6;1;13;4;1260
2022;6;1;14;4;1261
2022;6;1;15;4;1262
2022;6;1;23;4;1263
2022;6;2;0;5;1264
2022;6;2;1;5;1265
2022;6;2;3;5;1266
2022;6;2;4;5;1267
2022;6;2;5;5;1268
2022;6;2;6;5;1269
2022;6;2;8;5;1270
2022;6;2;9;5;1271
2022;6;2;10;5;1272
2022;6;2;11;5;1273
2022;6;2;12;5;1274
2022;6;2;13;5;1275
2022;6;2;15;5;1276
2022;6;2;19;5;1277
2022;6;2;21;5;1278
2022;6;3;4;6;1279
2022;6;3;5;6;1280
2022;6;3;8;6;1281
2022;6;3;9;6;1282
2022;6;3;11;6;1283
2022;6;3;12;6;1284
2022;6;3;14;6;1285
2022;6;3;15;6;1286
2022;6;3;16;6;1287
2022;6;3;20;6;1288
2022;6;4;20;7;1289
2022;6;4;22;7;1290
2022;6;5;1;1;1291
2022;6;5;9;1;1292
2022;6;5;21;1;1293
2022;6;6;1;2;1294
2022;6;6;3;2;1295
2022;6;6;4;2;1296
2022;6;6;11;2;1297
2022;6;6;13;2;1298
2022;6;6;14;2;1299
2022;6;6;15;2;1300
2022;6;6;16;2;1301
2022;6;6;19;2;1302
2022;6;7;0;3;1303
2022;6;7;1;3;1304
2022;6;7;3;3;1305
2022;6;7;6;3;1306
2022;6;7;7;3;1307
2022;6;7;8;3;1308
2022;6;7;9;3;1309
2022;6;7;10;3;1310
2022;6;7;11;3;1311
2022;6;7;12;3;1312
2022;6;7;13;3;1313
2022;6;7;14;3;1314
2022;6;7;15;3;1315
2022;6;7;16;3;1316
2022;6;8;7;4;1317
2022;6;8;8;4;1318
2022;6;8;9;4;1319
2022;6;8;10;4;1320
2022;6;8;11;4;1321
2022;6;8;12;4;1322
2022;6;8;13;4;1323
2022;6;8;14;4;1324
2022;6;8;15;4;1325
2022;6;8;17;4;1326
2022;6;8;19;4;1327
2022;6;9;1;5;1328
2022;6;9;4;5;1329
2022;6;9;6;5;1330
2022;6;9;7;5;1331
2022;6;9;8;5;1332
2022;6;9;9;5;1333
2022;6;9;10;5;1334
2022;6;9;11;5;1335
2022;6;9;12;5;1336
2022;6;9;13;5;1337
2022;6;9;14;5;1338
2022;6;9;15;5;1339
2022;6;9;16;5;1340
2022;6;9;17;5;1341
2022;6;9;20;5;1342
2022;6;9;21;5;1343
2022;6;9;23;5;1344
2022;6;10;4;6;1345
2022;6;10;5;6;1346
2022;6;10;6;6;1347
2022;6;10;7;6;1348
2022;6;10;8;6;1349
2022;6;10;9;6;1350
2022;6;10;10;6;1351
2022;6;10;11;6;1352
2022;6;10;12;6;1353
2022;6;10;13;6;1354
2022;6;10;15;6;1355
2022;6;10;19;6;1356
2022;6;10;20;6;1357
2022;6;10;22;6;1358
2022;6;11;9;7;1359
2022;6;11;10;7;1360
2022;6;11;13;7;1361
2022;6;11;16;7;1362
2022;6;11;20;7;1363
2022;6;12;7;1;1364
2022;6;12;8;1;1365
2022;6;13;5;2;1366
2022;6;13;7;2;1367
2022;6;13;8;2;1368
2022;6;13;9;2;1369
2022;6;13;10;2;1370
2022;6;13;11;2;1371
2022;6;13;12;2;1372
2022;6;13;13;2;1373
2022;6;13;14;2;1374
2022;6;13;15;2;1375
2022;6;13;19;2;1376
2022;6;13;23;2;1377
2022;6;14;0;3;1378
2022;6;14;1;3;1379
2022;6;14;4;3;1380
2022;6;14;7;3;1381
2022;6;14;8;3;1382
2022;6;14;10;3;1383
2022;6;14;11;3;1384
2022;6;14;12;3;1385
2022;6;14;13;3;1386
2022;6;14;14;3;1387
2022;6;14;15;3;1388
2022;6;14;16;3;1389
2022;6;14;18;3;1390
2022;6;14;19;3;1391
2022;6;14;22;3;1392
2022;6;15;0;4;1393
2022;6;15;3;4;1394
2022;6;15;5;4;1395
2022;6;15;6;4;1396
2022;6;15;7;4;1397
2022;6;15;8;4;1398
2022;6;15;9;4;1399
2022;6;15;10;4;1400
2022;6;15;11;4;1401
2022;6;15;12;4;1402
2022;6;15;13;4;1403
2022;6;15;14;4;1404
2022;6;15;15;4;1405
2022;6;15;17;4;1406
2022;6;15;19;4;1407
2022;6;16;0;5;1408
2022;6;16;2;5;1409
2022;6;16;3;5;1410
2022;6;16;5;5;1411
2022;6;16;6;5;1412
2022;6;16;7;5;1413
2022;6;16;8;5;1414
2022;6;16;9;5;1415
2022;6;16;10;5;1416
2022;6;16;11;5;1417
2022;6;16;12;5;1418
2022;6;16;13;5;1419
2022;6;16;14;5;1420
2022;6;16;16;5;1421
2022;6;16;18;5;1422
2022;6;16;23;5;1423
2022;6;17;1;6;1424
2022;6;17;5;6;1425
2022;6;17;6;6;1426
2022;6;17;8;6;1427
2022;6;17;9;6;1428
2022;6;17;10;6;1429
2022;6;17;11;6;1430
2022;6;17;13;6;1431
2022;6;17;14;6;1432
2022;6;17;15;6;1433
2022;6;18;3;7;1434
2022;6;18;7;7;1435
2022;6;19;1;1;1436
2022;6;19;2;1;1437
2022;6;19;4;1;1438
2022;6;19;10;1;1439
2022;6;19;19;1;1440
2022;6;19;20;1;1441
2022;6;20;1;2;1442
2022;6;20;2;2;1443
2022;6;20;4;2;1444
2022;6;20;5;2;1445
2022;6;20;6;2;1446
2022;6;20;7;2;1447
2022;6;20;8;2;1448
2022;6;20;9;2;1449
2022;6;20;10;2;1450
2022;6;20;11;2;1451
2022;6;20;12;2;1452
2022;6;20;17;2;1453
2022;6;21;2;3;1454
2022;6;21;3;3;1455
2022;6;21;5;3;1456
2022;6;21;6;3;1457
2022;6;21;7;3;1458
2022;6;21;8;3;1459
2022;6;21;9;3;1460
2022;6;21;10;3;1461
2022;6;21;11;3;1462
2022;6;21;12;3;1463
2022;6;21;13;3;1464
2022;6;21;14;3;1465
2022;6;21;15;3;1466
2022;6;21;16;3;1467
2022;6;21;23;3;1468
2022;6;22;4;4;1469
2022;6;22;6;4;1470
2022;6;22;7;4;1471
2022;6;22;8;4;1472
2022;6;22;9;4;1473
2022;6;22;10;4;1474
2022;6;22;11;4;1475
2022;6;22;12;4;1476
2022;6;22;14;4;1477
2022;6;22;15;4;1478
2022;6;22;16;4;1479
2022;6;22;19;4;1480
2022;6;23;6;5;1481
2022;6;23;7;5;1482
2022;6;23;8;5;1483
2022;6;23;9;5;1484
2022;6;23;10;5;1485
2022;6;23;12;5;1486
2022;6;23;13;5;1487
2022;6;23;14;5;1488
2022;6;23;16;5;1489
2022;6;24;5;6;1490
2022;6;24;6;6;1491
2022;6;24;7;6;1492
2022;6;24;8;6;1493
2022;6;24;9;6;1494
2022;6;24;10;6;1495
2022;6;24;11;6;1496
2022;6;24;12;6;1497
2022;6;24;13;6;1498
2022;6;24;16;6;1499
2022;6;24;18;6;1500
2022;6;24;19;6;1501
2022;6;25;2;7;1502
2022;6;25;10;7;1503
2022;6;25;12;7;1504
2022;6;25;14;7;1505
2022;6;26;2;1;1506
2022;6;26;7;1;1507
2022;6;26;9;1;1508
2022;6;26;13;1;1509
2022;6;26;14;1;1510
2022;6;27;1;2;1511
2022;6;27;6;2;1512
2022;6;27;7;2;1513
2022;6;27;8;2;1514
2022;6;27;9;2;1515
2022;6;27;10;2;1516
2022;6;27;11;2;1517
2022;6;27;12;2;1518
2022;6;27;13;2;1519
2022;6;27;14;2;1520
2022;6;27;15;2;1521
2022;6;27;16;2;1522
2022;6;27;17;2;1523
2022;6;27;18;2;1524
2022;6;27;19;2;1525
2022;6;27;20;2;1526
2022;6;28;3;3;1527
2022;6;28;6;3;1528
2022;6;28;7;3;1529
2022;6;28;8;3;1530
2022;6;28;9;3;1531
2022;6;28;10;3;1532
2022;6;28;11;3;1533
2022;6;28;12;3;1534
2022;6;28;14;3;1535
2022;6;28;15;3;1536
2022;6;28;17;3;1537
2022;6;28;18;3;1538
2022;6;28;21;3;1539
2022;6;29;1;4;1540
2022;6;29;2;4;1541
2022;6;29;3;4;1542
2022;6;29;5;4;1543
2022;6;29;6;4;1544
2022;6;29;7;4;1545
2022;6;29;8;4;1546
2022;6;29;9;4;1547
2022;6;29;10;4;1548
2022;6;29;11;4;1549
2022;6;29;12;4;1550
2022;6;29;13;4;1551
2022;6;29;14;4;1552
2022;6;29;17;4;1553
2022;6;30;3;5;1554
2022;6;30;7;5;1555
2022;6;30;8;5;1556
2022;6;30;9;5;1557
2022;6;30;10;5;1558
2022;6;30;11;5;1559
2022;6;30;12;5;1560
2022;6;30;13;5;1561
2022;6;30;14;5;1562
2022;6;30;15;5;1563
2022;6;30;18;5;1564
2022;6;30;20;5;1565
2022;7;1;0;6;1566
2022;7;1;1;6;1567
2022;7;1;4;6;1568
2022;7;1;5;6;1569
2022;7;1;6;6;1570
2022;7;1;7;6;1571
2022;7;1;8;6;1572
2022;7;1;9;6;1573
2022;7;1;10;6;1574
2022;7;1;11;6;1575
2022;7;1;12;6;1576
2022;7;1;13;6;1577
2022;7;1;15;6;1578
2022;7;1;20;6;1579
2022;7;1;22;6;1580
2022;7;2;2;7;1581
2022;7;2;21;7;1582
2022;7;3;13;1;1583
2022;7;3;17;1;1584
2022;7;3;18;1;1585
2022;7;3;20;1;1586
2022;7;4;1;2;1587
2022;7;4;3;2;1588
2022;7;4;4;2;1589
2022;7;4;5;2;1590
2022;7;4;6;2;1591
2022;7;4;7;2;1592
2022;7;4;8;2;1593
2022;7;4;9;2;1594
2022;7;4;10;2;1595
2022;7;4;11;2;1596
2022;7;4;12;2;1597
2022;7;4;13;2;1598
2022;7;4;14;2;1599
2022;7;4;15;2;1600
2022;7;4;16;2;1601
2022;7;4;19;2;1602
2022;7;5;1;3;1603
2022;7;5;2;3;1604
2022;7;5;4;3;1605
2022;7;5;5;3;1606
2022;7;5;6;3;1607
2022;7;5;7;3;1608
2022;7;5;8;3;1609
2022;7;5;9;3;1610
2022;7;5;10;3;1611
2022;7;5;11;3;1612
2022;7;5;12;3;1613
2022;7;5;13;3;1614
2022;7;5;14;3;1615
2022;7;5;15;3;1616
2022;7;5;16;3;1617
2022;7;5;17;3;1618
2022;7;5;18;3;1619
2022;7;5;20;3;1620
2022;7;6;2;4;1621
2022;7;6;3;4;1622
2022;7;6;4;4;1623
2022;7;6;5;4;1624
2022;7;6;6;4;1625
2022;7;6;7;4;1626
2022;7;6;8;4;1627
2022;7;6;9;4;1628
2022;7;6;11;4;1629
2022;7;6;12;4;1630
2022;7;6;13;4;1631
2022;7;6;14;4;1632
2022;7;6;15;4;1633
2022;7;6;16;4;1634
2022;7;6;18;4;1635
2022;7;6;19;4;1636
2022;7;7;1;5;1637
2022;7;7;2;5;1638
2022;7;7;5;5;1639
2022;7;7;6;5;1640
2022;7;7;7;5;1641
2022;7;7;8;5;1642
2022;7;7;9;5;1643
2022;7;7;10;5;1644
2022;7;7;11;5;1645
2022;7;7;12;5;1646
2022;7;7;13;5;1647
2022;7;7;14;5;1648
2022;7;7;15;5;1649
2022;7;7;16;5;1650
2022;7;7;20;5;1651
2022;7;7;21;5;1652
2022;7;8;1;6;1653
2022;7;8;2;6;1654
2022;7;8;4;6;1655
2022;7;8;5;6;1656
2022;7;8;6;6;1657
2022;7;8;7;6;1658
2022;7;8;8;6;1659
2022;7;8;9;6;1660
2022;7;8;10;6;1661
2022;7;8;11;6;1662
2022;7;8;12;6;1663
2022;7;8;13;6;1664
2022;7;8;14;6;1665
2022;7;8;15;6;1666
2022;7;8;16;6;1667
2022;7;8;18;6;1668
2022;7;8;21;6;1669
2022;7;9;1;7;1670
2022;7;9;5;7;1671
2022;7;9;10;7;1672
2022;7;9;23;7;1673
2022;7;10;2;1;1674
2022;7;10;9;1;1675
2022;7;10;14;1;1676
2022;7;10;19;1;1677
2022;7;10;22;1;1678
2022;7;10;23;1;1679
2022;7;11;2;2;1680
2022;7;11;3;2;1681
2022;7;11;5;2;1682
2022;7;11;6;2;1683
2022;7;11;7;2;1684
2022;7;11;8;2;1685
2022;7;11;9;2;1686
2022;7;11;10;2;1687
2022;7;11;11;2;1688
2022;7;11;12;2;1689
2022;7;11;13;2;1690
2022;7;11;14;2;1691
2022;7;11;15;2;1692
2022;7;11;16;2;1693
2022;7;11;18;2;1694
2022;7;11;23;2;1695
2022;7;12;4;3;1696
2022;7;12;5;3;1697
2022;7;12;6;3;1698
2022;7;12;7;3;1699
2022;7;12;8;3;1700
2022;7;12;9;3;1701
2022;7;12;10;3;1702
2022;7;12;11;3;1703
2022;7;12;12;3;1704
2022;7;12;13;3;1705
2022;7;12;14;3;1706
2022;7;12;20;3;1707
2022;7;13;1;4;1708
2022;7;13;2;4;1709
2022;7;13;3;4;1710
2022;7;13;5;4;1711
2022;7;13;6;4;1712
2022;7;13;7;4;1713
2022;7;13;8;4;1714
2022;7;13;9;4;1715
2022;7;13;10;4;1716
2022;7;13;11;4;1717
2022;7;13;12;4;1718
2022;7;13;13;4;1719
2022;7;13;14;4;1720
2022;7;13;15;4;1721
2022;7;13;18;4;1722
2022;7;13;19;4;1723
2022;7;13;20;4;1724
2022;7;14;3;5;1725
2022;7;14;4;5;1726
2022;7;14;5;5;1727
2022;7;14;6;5;1728
2022;7;14;7;5;1729
2022;7;14;8;5;1730
2022;7;14;9;5;1731
2022;7;14;10;5;1732
2022;7;14;11;5;1733
2022;7;14;12;5;1734
2022;7;14;13;5;1735
2022;7;14;15;5;1736
2022;7;14;16;5;1737
2022;7;14;20;5;1738
2022;7;15;1;6;1739
2022;7;15;5;6;1740
2022;7;15;7;6;1741
2022;7;15;8;6;1742
2022;7;15;9;6;1743
2022;7;15;11;6;1744
2022;7;15;12;6;1745
2022;7;15;13;6;1746
2022;7;15;15;6;1747
2022;7;15;16;6;1748
2022;7;15;20;6;1749
2022;7;15;21;6;1750
2022;7;17;3;1;1751
2022;7;17;5;1;1752
2022;7;17;8;1;1753
2022;7;17;9;1;1754
2022;7;17;13;1;1755
2022;7;17;17;1;1756
2022;7;17;20;1;1757
2022;7;17;22;1;1758
2022;7;17;23;1;1759
2022;7;18;2;2;1760
2022;7;18;5;2;1761
2022;7;18;6;2;1762
2022;7;18;7;2;1763
2022;7;18;8;2;1764
2022;7;18;9;2;1765
2022;7;18;11;2;1766
2022;7;18;12;2;1767
2022;7;18;13;2;1768
2022;7;18;14;2;1769
2022;7;18;15;2;1770
2022;7;18;16;2;1771
2022;7;18;20;2;1772
2022;7;18;22;2;1773
2022;7;19;0;3;1774
2022;7;19;1;3;1775
2022;7;19;2;3;1776
2022;7;19;3;3;1777
2022;7;19;4;3;1778
2022;7;19;5;3;1779
2022;7;19;6;3;1780
2022;7;19;7;3;1781
2022;7;19;8;3;1782
2022;7;19;9;3;1783
2022;7;19;10;3;1784
2022;7;19;11;3;1785
2022;7;19;12;3;1786
2022;7;19;13;3;1787
2022;7;19;14;3;1788
2022;7;19;15;3;1789
2022;7;19;17;3;1790
2022;7;19;23;3;1791
2022;7;20;2;4;1792
2022;7;20;3;4;1793
2022;7;20;4;4;1794
2022;7;20;6;4;1795
2022;7;20;7;4;1796
2022;7;20;8;4;1797
2022;7;20;9;4;1798
2022;7;20;10;4;1799
2022;7;20;11;4;1800
2022;7;20;12;4;1801
2022;7;20;13;4;1802
2022;7;20;14;4;1803
2022;7;20;15;4;1804
2022;7;20;21;4;1805
2022;7;21;1;5;1806
2022;7;21;2;5;1807
2022;7;21;3;5;1808
2022;7;21;4;5;1809
2022;7;21;6;5;1810
2022;7;21;7;5;1811
2022;7;21;8;5;1812
2022;7;21;9;5;1813
2022;7;21;10;5;1814
2022;7;21;11;5;1815
2022;7;21;12;5;1816
2022;7;21;13;5;1817
2022;7;21;14;5;1818
2022;7;21;15;5;1819
2022;7;21;16;5;1820
2022;7;21;19;5;1821
2022;7;21;20;5;1822
2022;7;22;2;6;1823
2022;7;22;6;6;1824
2022;7;22;7;6;1825
2022;7;22;8;6;1826
2022;7;22;9;6;1827
2022;7;22;10;6;1828
2022;7;22;11;6;1829
2022;7;22;12;6;1830
2022;7;22;13;6;1831
2022;7;22;15;6;1832
2022;7;22;16;6;1833
2022;7;22;17;6;1834
2022;7;22;18;6;1835
2022;7;22;21;6;1836
2022;7;22;23;6;1837
2022;7;23;10;7;1838
2022;7;24;0;1;1839
2022;7;24;3;1;1840
2022;7;24;9;1;1841
2022;7;24;23;1;1842
2022;7;25;1;2;1843
2022;7;25;2;2;1844
2022;7;25;4;2;1845
2022;7;25;6;2;1846
2022;7;25;7;2;1847
2022;7;25;8;2;1848
2022;7;25;9;2;1849
2022;7;25;10;2;1850
2022;7;25;11;2;1851
2022;7;25;12;2;1852
2022;7;25;13;2;1853
2022;7;25;14;2;1854
2022;7;25;15;2;1855
2022;7;25;16;2;1856
2022;7;26;1;3;1857
2022;7;26;2;3;1858
2022;7;26;5;3;1859
2022;7;26;6;3;1860
2022;7;26;7;3;1861
2022;7;26;8;3;1862
2022;7;26;9;3;1863
2022;7;26;10;3;1864
2022;7;26;11;3;1865
2022;7;26;12;3;1866
2022;7;26;13;3;1867
2022;7;26;14;3;1868
2022;7;26;15;3;1869
2022;7;26;19;3;1870
2022;7;26;21;3;1871
2022;7;26;22;3;1872
2022;7;27;1;4;1873
2022;7;27;5;4;1874
2022;7;27;6;4;1875
2022;7;27;7;4;1876
2022;7;27;8;4;1877
2022;7;27;9;4;1878
2022;7;27;10;4;1879
2022;7;27;11;4;1880
2022;7;27;12;4;1881
2022;7;27;13;4;1882
2022;7;27;14;4;1883
2022;7;27;15;4;1884
2022;7;27;16;4;1885
2022;7;27;17;4;1886
2022;7;27;18;4;1887
2022;7;27;20;4;1888
2022;7;27;23;4;1889
2022;7;28;0;5;1890
2022;7;28;1;5;1891
2022;7;28;3;5;1892
2022;7;28;5;5;1893
2022;7;28;6;5;1894
2022;7;28;7;5;1895
2022;7;28;8;5;1896
2022;7;28;9;5;1897
2022;7;28;10;5;1898
2022;7;28;11;5;1899
2022;7;28;12;5;1900
2022;7;28;13;5;1901
2022;7;28;14;5;1902
2022;7;28;15;5;1903
2022;7;28;17;5;1904
2022;7;28;18;5;1905
2022;7;28;20;5;1906
2022;7;28;21;5;1907
2022;7;29;0;6;1908
2022;7;29;6;6;1909
2022;7;29;7;6;1910
2022;7;29;8;6;1911
2022;7;29;9;6;1912
2022;7;29;10;6;1913
2022;7;29;11;6;1914
2022;7;29;12;6;1915
2022;7;29;13;6;1916
2022;7;29;14;6;1917
2022;7;29;15;6;1918
2022;7;29;16;6;1919
2022;7;29;17;6;1920
2022;7;29;18;6;1921
2022;7;30;5;7;1922
2022;7;31;6;1;1923
2022;7;31;7;1;1924
2022;7;31;11;1;1925
2022;7;31;13;1;1926
2022;7;31;14;1;1927
2022;7;31;18;1;1928
2022;7;31;19;1;1929
2022;8;1;1;2;1930
2022;8;1;2;2;1931
2022;8;1;3;2;1932
2022;8;1;6;2;1933
2022;8;1;8;2;1934
2022;8;1;9;2;1935
2022;8;1;10;2;1936
2022;8;1;11;2;1937
2022;8;1;12;2;1938
2022;8;1;13;2;1939
2022;8;1;14;2;1940
2022;8;1;15;2;1941
2022;8;1;16;2;1942
2022;8;1;18;2;1943
2022;8;1;20;2;1944
2022;8;1;22;2;1945
2022;8;1;23;2;1946
2022;8;2;5;3;1947
2022;8;2;6;3;1948
2022;8;2;8;3;1949
2022;8;2;9;3;1950
2022;8;2;10;3;1951
2022;8;2;11;3;1952
2022;8;2;12;3;1953
2022;8;2;13;3;1954
2022;8;2;14;3;1955
2022;8;2;15;3;1956
2022;8;3;5;4;1957
2022;8;3;6;4;1958
2022;8;3;7;4;1959
2022;8;3;8;4;1960
2022;8;3;9;4;1961
2022;8;3;10;4;1962
2022;8;3;11;4;1963
2022;8;3;12;4;1964
2022;8;3;13;4;1965
2022;8;3;14;4;1966
2022;8;3;16;4;1967
2022;8;3;22;4;1968
2022;8;4;2;5;1969
2022;8;4;3;5;1970
2022;8;4;6;5;1971
2022;8;4;7;5;1972
2022;8;4;8;5;1973
2022;8;4;9;5;1974
2022;8;4;10;5;1975
2022;8;4;11;5;1976
2022;8;4;12;5;1977
2022;8;4;13;5;1978
2022;8;4;16;5;1979
2022;8;4;19;5;1980
2022;8;4;20;5;1981
2022;8;4;23;5;1982
2022;8;5;2;6;1983
2022;8;5;4;6;1984
2022;8;5;5;6;1985
2022;8;5;7;6;1986
2022;8;5;8;6;1987
2022;8;5;9;6;1988
2022;8;5;10;6;1989
2022;8;5;11;6;1990
2022;8;5;12;6;1991
2022;8;5;13;6;1992
2022;8;5;14;6;1993
2022;8;5;15;6;1994
2022;8;6;0;7;1995
2022;8;6;5;7;1996
2022;8;8;1;2;1997
2022;8;8;2;2;1998
2022;8;8;6;2;1999
2022;8;8;7;2;2000
2022;8;8;8;2;2001
2022;8;8;9;2;2002
2022;8;8;10;2;2003
2022;8;8;11;2;2004
2022;8;8;12;2;2005
2022;8;8;13;2;2006
2022;8;8;14;2;2007
2022;8;8;15;2;2008
2022;8;8;16;2;2009
2022;8;8;20;2;2010
2022;8;8;22;2;2011
2022;8;8;23;2;2012
2022;8;9;0;3;2013
2022;8;9;4;3;2014
2022;8;9;6;3;2015
2022;8;9;7;3;2016
2022;8;9;8;3;2017
2022;8;9;9;3;2018
2022;8;9;10;3;2019
2022;8;9;11;3;2020
2022;8;9;13;3;2021
2022;8;9;14;3;2022
2022;8;9;17;3;2023
2022;8;9;19;3;2024
2022;8;10;0;4;2025
2022;8;10;5;4;2026
2022;8;10;6;4;2027
2022;8;10;7;4;2028
2022;8;10;8;4;2029
2022;8;10;9;4;2030
2022;8;10;10;4;2031
2022;8;10;13;4;2032
2022;8;10;14;4;2033
2022;8;10;15;4;2034
2022;8;10;16;4;2035
2022;8;10;20;4;2036
2022;8;10;21;4;2037
2022;8;11;3;5;2038
2022;8;11;4;5;2039
2022;8;11;6;5;2040
2022;8;11;7;5;2041
2022;8;11;8;5;2042
2022;8;11;9;5;2043
2022;8;11;12;5;2044
2022;8;11;13;5;2045
2022;8;11;14;5;2046
2022;8;11;15;5;2047
2022;8;11;16;5;2048
2022;8;11;17;5;2049
2022;8;11;18;5;2050
2022;8;11;19;5;2051
2022;8;11;22;5;2052
2022;8;12;1;6;2053
2022;8;12;2;6;2054
2022;8;12;3;6;2055
2022;8;12;6;6;2056
2022;8;12;7;6;2057
2022;8;12;9;6;2058
2022;8;12;11;6;2059
2022;8;12;14;6;2060
2022;8;12;15;6;2061
2022;8;12;20;6;2062
2022;8;13;2;7;2063
2022;8;13;13;7;2064
2022;8;13;14;7;2065
2022;8;14;23;1;2066
2022;8;15;1;2;2067
2022;8;15;6;2;2068
2022;8;15;7;2;2069
2022;8;15;9;2;2070
2022;8;15;10;2;2071
2022;8;15;11;2;2072
2022;8;15;12;2;2073
2022;8;15;13;2;2074
2022;8;15;14;2;2075
2022;8;15;15;2;2076
2022;8;16;2;3;2077
2022;8;16;4;3;2078
2022;8;16;6;3;2079
2022;8;16;7;3;2080
2022;8;16;8;3;2081
2022;8;16;9;3;2082
2022;8;16;11;3;2083
2022;8;16;12;3;2084
2022;8;16;13;3;2085
2022;8;16;14;3;2086
2022;8;16;15;3;2087
2022;8;16;17;3;2088
2022;8;16;18;3;2089
2022;8;16;19;3;2090
2022;8;16;20;3;2091
2022;8;16;22;3;2092
2022;8;17;2;4;2093
2022;8;17;6;4;2094
2022;8;17;7;4;2095
2022;8;17;8;4;2096
2022;8;17;9;4;2097
2022;8;17;10;4;2098
2022;8;17;11;4;2099
2022;8;17;12;4;2100
2022;8;17;13;4;2101
2022;8;17;14;4;2102
2022;8;17;18;4;2103
2022;8;17;20;4;2104
2022;8;17;23;4;2105
2022;8;18;3;5;2106
2022;8;18;6;5;2107
2022;8;18;7;5;2108
2022;8;18;8;5;2109
2022;8;18;9;5;2110
2022;8;18;10;5;2111
2022;8;18;11;5;2112
2022;8;18;12;5;2113
2022;8;18;13;5;2114
2022;8;18;14;5;2115
2022;8;18;15;5;2116
2022;8;18;16;5;2117
2022;8;18;19;5;2118
2022;8;19;8;6;2119
2022;8;19;9;6;2120
2022;8;19;11;6;2121
2022;8;19;13;6;2122
2022;8;19;14;6;2123
2022;8;19;17;6;2124
2022;8;19;20;6;2125
2022;8;20;22;7;2126
2022;8;21;17;1;2127
2022;8;22;3;2;2128
2022;8;22;4;2;2129
2022;8;22;6;2;2130
2022;8;22;7;2;2131
2022;8;22;8;2;2132
2022;8;22;9;2;2133
2022;8;22;10;2;2134
2022;8;22;11;2;2135
2022;8;22;12;2;2136
2022;8;22;13;2;2137
2022;8;22;14;2;2138
2022;8;22;20;2;2139
2022;8;22;22;2;2140
2022;8;23;3;3;2141
2022;8;23;5;3;2142
2022;8;23;6;3;2143
2022;8;23;7;3;2144
2022;8;23;8;3;2145
2022;8;23;9;3;2146
2022;8;23;10;3;2147
2022;8;23;11;3;2148
2022;8;23;12;3;2149
2022;8;23;13;3;2150
2022;8;23;14;3;2151
2022;8;23;15;3;2152
2022;8;23;16;3;2153
2022;8;23;21;3;2154
2022;8;24;0;4;2155
2022;8;24;1;4;2156
2022;8;24;5;4;2157
2022;8;24;6;4;2158
2022;8;24;9;4;2159
2022;8;24;10;4;2160
2022;8;24;11;4;2161
2022;8;24;12;4;2162
2022;8;24;13;4;2163
2022;8;24;14;4;2164
2022;8;24;15;4;2165
2022;8;24;18;4;2166
2022;8;24;21;4;2167
2022;8;24;22;4;2168
2022;8;25;0;5;2169
2022;8;25;3;5;2170
2022;8;25;4;5;2171
2022;8;25;5;5;2172
2022;8;25;6;5;2173
2022;8;25;7;5;2174
2022;8;25;8;5;2175
2022;8;25;9;5;2176
2022;8;25;10;5;2177
2022;8;25;11;5;2178
2022;8;25;12;5;2179
2022;8;25;13;5;2180
2022;8;25;16;5;2181
2022;8;25;17;5;2182
2022;8;26;3;6;2183
2022;8;26;4;6;2184
2022;8;26;5;6;2185
2022;8;26;6;6;2186
2022;8;26;7;6;2187
2022;8;26;8;6;2188
2022;8;26;9;6;2189
2022;8;26;10;6;2190
2022;8;26;11;6;2191
2022;8;26;12;6;2192
2022;8;26;13;6;2193
2022;8;26;14;6;2194
2022;8;26;15;6;2195
2022;8;26;20;6;2196
2022;8;27;8;7;2197
2022;8;27;17;7;2198
2022;8;28;3;1;2199
2022;8;28;14;1;2200
2022;8;28;17;1;2201
2022;8;28;22;1;2202
2022;8;29;1;2;2203
2022;8;29;2;2;2204
2022;8;29;3;2;2205
2022;8;29;4;2;2206
2022;8;29;5;2;2207
2022;8;29;6;2;2208
2022;8;29;7;2;2209
2022;8;29;8;2;2210
2022;8;29;10;2;2211
2022;8;29;12;2;2212
2022;8;29;13;2;2213
2022;8;29;14;2;2214
2022;8;29;15;2;2215
2022;8;29;17;2;2216
2022;8;29;18;2;2217
2022;8;30;2;3;2218
2022;8;30;5;3;2219
2022;8;30;7;3;2220
2022;8;30;8;3;2221
2022;8;30;9;3;2222
2022;8;30;11;3;2223
2022;8;30;12;3;2224
2022;8;30;13;3;2225
2022;8;30;14;3;2226
2022;8;30;15;3;2227
2022;8;30;16;3;2228
2022;8;30;18;3;2229
2022;8;30;19;3;2230
2022;8;30;20;3;2231
2022;8;31;0;4;2232
2022;8;31;2;4;2233
2022;8;31;5;4;2234
2022;8;31;6;4;2235
2022;8;31;7;4;2236
2022;8;31;8;4;2237
2022;8;31;9;4;2238
2022;8;31;10;4;2239
2022;8;31;11;4;2240
2022;8;31;12;4;2241
2022;8;31;13;4;2242
2022;8;31;14;4;2243
2022;8;31;15;4;2244
2022;8;31;18;4;2245
2022;8;31;19;4;2246
2022;9;1;2;5;2247
2022;9;1;3;5;2248
2022;9;1;6;5;2249
2022;9;1;7;5;2250
2022;9;1;8;5;2251
2022;9;1;9;5;2252
2022;9;1;10;5;2253
2022;9;1;11;5;2254
2022;9;1;12;5;2255
2022;9;1;13;5;2256
2022;9;1;14;5;2257
2022;9;1;21;5;2258
2022;9;2;1;6;2259
2022;9;2;2;6;2260
2022;9;2;4;6;2261
2022;9;2;5;6;2262
2022;9;2;6;6;2263
2022;9;2;7;6;2264
2022;9;2;8;6;2265
2022;9;2;9;6;2266
2022;9;2;10;6;2267
2022;9;2;12;6;2268
2022;9;2;13;6;2269
2022;9;2;14;6;2270
2022;9;2;15;6;2271
2022;9;2;17;6;2272
2022;9;2;18;6;2273
2022;9;2;23;6;2274
2022;9;4;19;1;2275
2022;9;5;0;2;2276
2022;9;5;6;2;2277
2022;9;5;7;2;2278
2022;9;5;8;2;2279
2022;9;5;9;2;2280
2022;9;5;10;2;2281
2022;9;5;11;2;2282
2022;9;5;12;2;2283
2022;9;5;13;2;2284
2022;9;5;14;2;2285
2022;9;5;15;2;2286
2022;9;5;18;2;2287
2022;9;6;1;3;2288
2022;9;6;6;3;2289
2022;9;6;8;3;2290
2022;9;6;9;3;2291
2022;9;6;10;3;2292
2022;9;6;11;3;2293
2022;9;6;12;3;2294
2022;9;6;13;3;2295
2022;9;6;14;3;2296
2022;9;6;17;3;2297
2022;9;7;0;4;2298
2022;9;7;2;4;2299
2022;9;7;5;4;2300
2022;9;7;6;4;2301
2022;9;7;7;4;2302
2022;9;7;8;4;2303
2022;9;7;9;4;2304
2022;9;7;10;4;2305
2022;9;7;11;4;2306
2022;9;7;12;4;2307
2022;9;7;13;4;2308
2022;9;7;14;4;2309
2022;9;7;19;4;2310
2022;9;7;20;4;2311
2022;9;7;21;4;2312
2022;9;7;22;4;2313
2022;9;7;23;4;2314
2022;9;8;2;5;2315
2022;9;8;3;5;2316
2022;9;8;4;5;2317
2022;9;8;5;5;2318
2022;9;8;6;5;2319
2022;9;8;7;5;2320
2022;9;8;8;5;2321
2022;9;8;9;5;2322
2022;9;8;10;5;2323
2022;9;8;11;5;2324
2022;9;8;12;5;2325
2022;9;8;13;5;2326
2022;9;8;14;5;2327
2022;9;8;15;5;2328
2022;9;8;16;5;2329
2022;9;8;18;5;2330
2022;9;8;19;5;2331
2022;9;8;20;5;2332
2022;9;9;0;6;2333
2022;9;9;1;6;2334
2022;9;9;2;6;2335
2022;9;9;3;6;2336
2022;9;9;5;6;2337
2022;9;9;6;6;2338
2022;9;9;11;6;2339
2022;9;9;13;6;2340
2022;9;9;14;6;2341
2022;9;9;15;6;2342
2022;9;9;16;6;2343
2022;9;9;18;6;2344
2022;9;10;5;7;2345
2022;9;10;8;7;2346
2022;9;10;12;7;2347
2022;9;10;14;7;2348
2022;9;10;15;7;2349
2022;9;10;16;7;2350
2022;9;10;19;7;2351
2022;9;10;21;7;2352
2022;9;11;2;1;2353
2022;9;11;10;1;2354
2022;9;11;12;1;2355
2022;9;11;13;1;2356
2022;9;11;14;1;2357
2022;9;11;20;1;2358
2022;9;11;21;1;2359
2022;9;11;23;1;2360
2022;9;12;2;2;2361
2022;9;12;3;2;2362
2022;9;12;5;2;2363
2022;9;12;6;2;2364
2022;9;12;7;2;2365
2022;9;12;8;2;2366
2022;9;12;9;2;2367
2022;9;12;10;2;2368
2022;9;12;11;2;2369
2022;9;12;12;2;2370
2022;9;12;13;2;2371
2022;9;12;14;2;2372
2022;9;12;15;2;2373
2022;9;12;16;2;2374
2022;9;12;20;2;2375
2022;9;13;3;3;2376
2022;9;13;4;3;2377
2022;9;13;5;3;2378
2022;9;13;6;3;2379
2022;9;13;7;3;2380
2022;9;13;8;3;2381
2022;9;13;9;3;2382
2022;9;13;10;3;2383
2022;9;13;11;3;2384
2022;9;13;12;3;2385
2022;9;13;13;3;2386
2022;9;13;14;3;2387
2022;9;13;15;3;2388
2022;9;13;16;3;2389
2022;9;13;19;3;2390
2022;9;13;20;3;2391
2022;9;13;22;3;2392
2022;9;14;2;4;2393
2022;9;14;4;4;2394
2022;9;14;5;4;2395
2022;9;14;6;4;2396
2022;9;14;7;4;2397
2022;9;14;8;4;2398
2022;9;14;9;4;2399
2022;9;14;10;4;2400
2022;9;14;11;4;2401
2022;9;14;12;4;2402
2022;9;14;13;4;2403
2022;9;14;14;4;2404
2022;9;14;15;4;2405
2022;9;14;16;4;2406
2022;9;14;17;4;2407
2022;9;14;18;4;2408
2022;9;14;20;4;2409
2022;9;14;21;4;2410
2022;9;14;22;4;2411
2022;9;14;23;4;2412
2022;9;15;1;5;2413
2022;9;15;2;5;2414
2022;9;15;4;5;2415
2022;9;15;5;5;2416
2022;9;15;6;5;2417
2022;9;15;7;5;2418
2022;9;15;8;5;2419
2022;9;15;9;5;2420
2022;9;15;10;5;2421
2022;9;15;11;5;2422
2022;9;15;12;5;2423
2022;9;15;13;5;2424
2022;9;15;14;5;2425
2022;9;15;15;5;2426
2022;9;15;16;5;2427
2022;9;15;17;5;2428
2022;9;15;18;5;2429
2022;9;15;19;5;2430
2022;9;15;20;5;2431
2022;9;15;21;5;2432
2022;9;15;23;5;2433
2022;9;16;4;6;2434
2022;9;16;6;6;2435
2022;9;16;7;6;2436
2022;9;16;8;6;2437
2022;9;16;9;6;2438
2022;9;16;10;6;2439
2022;9;16;11;6;2440
2022;9;16;12;6;2441
2022;9;16;13;6;2442
2022;9;16;14;6;2443
2022;9;16;15;6;2444
2022;9;16;16;6;2445
2022;9;16;17;6;2446
2022;9;16;18;6;2447
2022;9;16;19;6;2448
2022;9;16;20;6;2449
2022;9;16;21;6;2450
2022;9;16;22;6;2451
2022;9;16;23;6;2452
2022;9;17;0;7;2453
2022;9;17;1;7;2454
2022;9;17;7;7;2455
2022;9;17;10;7;2456
2022;9;17;12;7;2457
2022;9;17;16;7;2458
2022;9;17;17;7;2459
2022;9;17;18;7;2460
2022;9;18;10;1;2461
2022;9;18;11;1;2462
2022;9;18;18;1;2463
2022;9;18;19;1;2464
2022;9;19;3;2;2465
2022;9;19;6;2;2466
2022;9;19;7;2;2467
2022;9;19;8;2;2468
2022;9;19;9;2;2469
2022;9;19;10;2;2470
2022;9;19;11;2;2471
2022;9;19;12;2;2472
2022;9;19;13;2;2473
2022;9;19;14;2;2474
2022;9;19;15;2;2475
2022;9;19;16;2;2476
2022;9;19;19;2;2477
2022;9;19;21;2;2478
2022;9;19;22;2;2479
2022;9;19;23;2;2480
2022;9;20;1;3;2481
2022;9;20;2;3;2482
2022;9;20;3;3;2483
2022;9;20;5;3;2484
2022;9;20;6;3;2485
2022;9;20;7;3;2486
2022;9;20;8;3;2487
2022;9;20;9;3;2488
2022;9;20;10;3;2489
2022;9;20;11;3;2490
2022;9;20;12;3;2491
2022;9;20;13;3;2492
2022;9;20;14;3;2493
2022;9;20;15;3;2494
2022;9;20;16;3;2495
2022;9;20;20;3;2496
2022;9;20;21;3;2497
2022;9;21;0;4;2498
2022;9;21;4;4;2499
2022;9;21;5;4;2500
2022;9;21;6;4;2501
2022;9;21;7;4;2502
2022;9;21;8;4;2503
2022;9;21;9;4;2504
2022;9;21;10;4;2505
2022;9;21;11;4;2506
2022;9;21;12;4;2507
2022;9;21;13;4;2508
2022;9;21;14;4;2509
2022;9;21;15;4;2510
2022;9;21;17;4;2511
2022;9;21;18;4;2512
2022;9;21;19;4;2513
2022;9;21;20;4;2514
2022;9;22;5;5;2515
2022;9;22;6;5;2516
2022;9;22;7;5;2517
2022;9;22;8;5;2518
2022;9;22;9;5;2519
2022;9;22;10;5;2520
2022;9;22;11;5;2521
2022;9;22;12;5;2522
2022;9;22;13;5;2523
2022;9;22;14;5;2524
2022;9;22;15;5;2525
2022;9;22;16;5;2526
2022;9;22;17;5;2527
2022;9;22;18;5;2528
2022;9;22;19;5;2529
2022;9;22;20;5;2530
2022;9;23;0;6;2531
2022;9;23;1;6;2532
2022;9;23;2;6;2533
2022;9;23;3;6;2534
2022;9;23;4;6;2535
2022;9;23;5;6;2536
2022;9;23;6;6;2537
2022;9;23;7;6;2538
2022;9;23;8;6;2539
2022;9;23;9;6;2540
2022;9;23;10;6;2541
2022;9;23;11;6;2542
2022;9;23;12;6;2543
2022;9;23;13;6;2544
2022;9;23;14;6;2545
2022;9;24;0;7;2546
2022;9;24;11;7;2547
2022;9;24;12;7;2548
2022;9;24;13;7;2549
2022;9;24;22;7;2550
2022;9;25;9;1;2551
2022;9;25;15;1;2552
2022;9;25;17;1;2553
2022;9;25;18;1;2554
2022;9;26;0;2;2555
2022;9;26;1;2;2556
2022;9;26;2;2;2557
2022;9;26;3;2;2558
2022;9;26;4;2;2559
2022;9;26;5;2;2560
2022;9;26;6;2;2561
2022;9;26;7;2;2562
2022;9;26;8;2;2563
2022;9;26;9;2;2564
2022;9;26;10;2;2565
2022;9;26;11;2;2566
2022;9;26;12;2;2567
2022;9;26;13;2;2568
2022;9;26;14;2;2569
2022;9;26;16;2;2570
2022;9;26;23;2;2571
2022;9;27;2;3;2572
2022;9;27;4;3;2573
2022;9;27;6;3;2574
2022;9;27;7;3;2575
2022;9;27;8;3;2576
2022;9;27;9;3;2577
2022;9;27;10;3;2578
2022;9;27;11;3;2579
2022;9;27;12;3;2580
2022;9;27;14;3;2581
2022;9;27;15;3;2582
2022;9;27;16;3;2583
2022;9;27;17;3;2584
2022;9;27;19;3;2585
2022;9;27;21;3;2586
2022;9;27;22;3;2587
2022;9;28;0;4;2588
2022;9;28;1;4;2589
2022;9;28;3;4;2590
2022;9;28;4;4;2591
2022;9;28;5;4;2592
2022;9;28;6;4;2593
2022;9;28;7;4;2594
2022;9;28;8;4;2595
2022;9;28;9;4;2596
2022;9;28;10;4;2597
2022;9;28;11;4;2598
2022;9;28;12;4;2599
2022;9;28;13;4;2600
2022;9;28;16;4;2601
2022;9;28;18;4;2602
2022;9;28;23;4;2603
2022;9;29;0;5;2604
2022;9;29;1;5;2605
2022;9;29;4;5;2606
2022;9;29;5;5;2607
2022;9;29;6;5;2608
2022;9;29;8;5;2609
2022;9;29;9;5;2610
2022;9;29;10;5;2611
2022;9;29;11;5;2612
2022;9;29;12;5;2613
2022;9;29;13;5;2614
2022;9;29;14;5;2615
2022;9;29;15;5;2616
2022;9;29;16;5;2617
2022;9;29;18;5;2618
2022;9;29;19;5;2619
2022;9;29;20;5;2620
2022;9;29;23;5;2621
2022;9;30;5;6;2622
2022;9;30;6;6;2623
2022;9;30;7;6;2624
2022;9;30;9;6;2625
2022;9;30;10;6;2626
2022;9;30;11;6;2627
2022;9;30;12;6;2628
2022;9;30;13;6;2629
2022;9;30;14;6;2630
2022;9;30;15;6;2631
2022;10;1;3;7;2632
2022;10;1;6;7;2633
2022;10;1;10;7;2634
2022;10;1;15;7;2635
2022;10;1;16;7;2636
2022;10;1;17;7;2637
2022;10;2;5;1;2638
2022;10;2;8;1;2639
2022;10;2;12;1;2640
2022;10;2;23;1;2641
2022;10;3;0;2;2642
2022;10;3;1;2;2643
2022;10;3;3;2;2644
2022;10;3;5;2;2645
2022;10;3;6;2;2646
2022;10;3;7;2;2647
2022;10;3;8;2;2648
2022;10;3;9;2;2649
2022;10;3;10;2;2650
2022;10;3;11;2;2651
2022;10;3;12;2;2652
2022;10;3;13;2;2653
2022;10;3;14;2;2654
2022;10;3;15;2;2655
2022;10;3;16;2;2656
2022;10;3;18;2;2657
2022;10;4;4;3;2658
2022;10;4;6;3;2659
2022;10;4;8;3;2660
2022;10;4;9;3;2661
2022;10;4;10;3;2662
2022;10;4;11;3;2663
2022;10;4;12;3;2664
2022;10;4;19;3;2665
2022;10;4;23;3;2666
2022;10;5;2;4;2667
2022;10;5;6;4;2668
2022;10;5;7;4;2669
2022;10;5;9;4;2670
2022;10;5;10;4;2671
2022;10;5;11;4;2672
2022;10;5;12;4;2673
2022;10;5;13;4;2674
2022;10;5;14;4;2675
2022;10;5;15;4;2676
2022;10;5;17;4;2677
2022;10;5;18;4;2678
2022;10;5;19;4;2679
2022;10;6;1;5;2680
2022;10;6;2;5;2681
2022;10;6;7;5;2682
2022;10;6;8;5;2683
2022;10;6;9;5;2684
2022;10;6;10;5;2685
2022;10;6;11;5;2686
2022;10;6;12;5;2687
2022;10;6;14;5;2688
2022;10;6;16;5;2689
2022;10;6;18;5;2690
2022;10;7;4;6;2691
2022;10;7;6;6;2692
2022;10;7;7;6;2693
2022;10;7;8;6;2694
2022;10;7;9;6;2695
2022;10;7;10;6;2696
2022;10;7;11;6;2697
2022;10;7;12;6;2698
2022;10;7;13;6;2699
2022;10;7;14;6;2700
2022;10;7;15;6;2701
2022;10;7;21;6;2702
2022;10;7;22;6;2703
2022;10;8;1;7;2704
2022;10;8;2;7;2705
2022;10;8;4;7;2706
2022;10;8;10;7;2707
2022;10;8;13;7;2708
2022;10;8;17;7;2709
2022;10;9;6;1;2710
2022;10;9;10;1;2711
2022;10;10;0;2;2712
2022;10;10;1;2;2713
2022;10;10;2;2;2714
2022;10;10;4;2;2715
2022;10;10;7;2;2716
2022;10;10;9;2;2717
2022;10;10;10;2;2718
2022;10;10;11;2;2719
2022;10;10;12;2;2720
2022;10;10;13;2;2721
2022;10;10;14;2;2722
2022;10;10;15;2;2723
2022;10;10;17;2;2724
2022;10;10;18;2;2725
2022;10;11;0;3;2726
2022;10;11;1;3;2727
2022;10;11;6;3;2728
2022;10;11;7;3;2729
2022;10;11;8;3;2730
2022;10;11;9;3;2731
2022;10;11;11;3;2732
2022;10;11;12;3;2733
2022;10;11;13;3;2734
2022;10;11;14;3;2735
2022;10;11;15;3;2736
2022;10;11;18;3;2737
2022;10;11;19;3;2738
2022;10;11;21;3;2739
2022;10;12;5;4;2740
2022;10;12;6;4;2741
2022;10;12;7;4;2742
2022;10;12;8;4;2743
2022;10;12;9;4;2744
2022;10;12;10;4;2745
2022;10;12;11;4;2746
2022;10;12;12;4;2747
2022;10;12;13;4;2748
2022;10;12;14;4;2749
2022;10;12;15;4;2750
2022;10;12;16;4;2751
2022;10;12;18;4;2752
2022;10;12;20;4;2753
2022;10;12;21;4;2754
2022;10;13;3;5;2755
2022;10;13;5;5;2756
2022;10;13;6;5;2757
2022;10;13;7;5;2758
2022;10;13;8;5;2759
2022;10;13;9;5;2760
2022;10;13;10;5;2761
2022;10;13;11;5;2762
2022;10;13;12;5;2763
2022;10;13;13;5;2764
2022;10;13;14;5;2765
2022;10;13;15;5;2766
2022;10;13;16;5;2767
2022;10;13;17;5;2768
2022;10;13;18;5;2769
2022;10;13;19;5;2770
2022;10;14;3;6;2771
2022;10;14;5;6;2772
2022;10;14;7;6;2773
2022;10;14;8;6;2774
2022;10;14;9;6;2775
2022;10;14;11;6;2776
2022;10;14;12;6;2777
2022;10;14;14;6;2778
2022;10;14;16;6;2779
2022;10;14;23;6;2780
2022;10;15;11;7;2781
2022;10;15;17;7;2782
2022;10;15;18;7;2783
2022;10;15;19;7;2784
2022;10;15;20;7;2785
2022;10;16;4;1;2786
2022;10;16;10;1;2787
2022;10;16;11;1;2788
2022;10;16;12;1;2789
2022;10;16;14;1;2790
2022;10;16;18;1;2791
2022;10;16;21;1;2792
2022;10;17;4;2;2793
2022;10;17;6;2;2794
2022;10;17;7;2;2795
2022;10;17;8;2;2796
2022;10;17;9;2;2797
2022;10;17;10;2;2798
2022;10;17;11;2;2799
2022;10;17;12;2;2800
2022;10;17;13;2;2801
